{"gatos_capturados": 766, "probabilidades": [0.0, 45.504555555555555, 54.49544444444444], "gatos_remanentes": 65}